user_id,nickname,gender,avatar,desc,ip_location,follows,fans,statuses_count,last_modify_ts
2199733231,陈怡然-杜克大学,男,https://wx3.sinaimg.cn/orj480/831d43efly8hnc2n35rikj20go0gowgj.jpg,杜克大学电子与计算机工程系教授，计算进化智能中心主任，美国NSF下一代移动网络与边缘计算人工智能研究院主任。AAAS/ACM/IEEE Fellow。,,364,53.3万,4076,1773639146577
5703921756,新智元,男,https://ww2.sinaimg.cn/orj480/006e14C0jw8ewjb494gavj31kw1kwwrj.jpg,智能+中国的资讯社交平台，重点关注人工智能、机器人、大数据、虚拟现实、量子计算、智能医疗等前沿领域发展，领航中国新智能时代。,,500,20.7万,12187,1773641943484
1917491813,刘群MT-to-Death,男,https://wx1.sinaimg.cn/orj480/724a9a65ly8i5edew9wwgj20e80e8q3q.jpg,华为诺亚方舟实验室语音语义首席科学家。前都柏林城市大学教授。前中国科学院计算技术研究所研究员。专业为机器翻译，自然语言处理，计算语言学。,,1527,49.8万,11999,1773647386429
6045441276,blackorbird,男,https://wx1.sinaimg.cn/orj480/006B83rmly8hwb6szbkgcj30u00u03z6.jpg,涉网都发的🐦，网络安全博主，涉网安全的博主，小号@黑鸟略略略,,615,18.9万,13251,1773650660540
2194035935,蚁工厂,男,https://ww2.sinaimg.cn/orj480/82c654dfjw8f0gg3bp8uij20ne0gjt92.jpg,,,2258,56.5万,54173,1773654842599
7559472847,虾仁芝麻卷·,男,https://wx2.sinaimg.cn/orj480/008fAMdply8iazeediwkkj30sg0sggmx.jpg,AI和数据合规领域律师 前法律AI产品负责人,,754,23.5万,2287,1773660342217
7841338587,本诺__,男,https://wx1.sinaimg.cn/orj480/008yFsn1ly8heahp6uqm1j30rd0rd40y.jpg,智驾搬砖,,337,22.5万,1893,1773662238097
5097794776,研究生自救指南,男,https://wx3.sinaimg.cn/orj480/005yZPioly8i0b0wo2lrlj30e80e80tf.jpg,一个只想毕业的研究生。,,382,62.6万,2006,1773665024257
6444741184,林亦LYi,男,https://wx2.sinaimg.cn/orj480/00729tAsly8gmqp1baglpj30u00u0tdf.jpg,退役算法工程师，在职AI段子手。B站、YouTube：林亦LYi,,568,67.6万,3267,1773666949482
2427364747,中国科学报,男,https://wx2.sinaimg.cn/orj480/90aea58bly8h8vgqt7btaj20go0go3zx.jpg,《中国科学报》由中科院主管，中科院、中国工程院和国家自然科学基金委、中国科协主办，一周五刊，每刊八版，彩印，全国发行,,495,124.7万,44662,1773669865066
1738690784,麻省理工科技评论,男,https://wx1.sinaimg.cn/orj480/67a250e0ly8h0rzice6vlj20go0gowf2.jpg,源自麻省理工学院，关注即将商业化的创新，聚焦即将资本化的创业。,,104,65.8万,28949,1773672170908
3996876140,机器之心Pro,男,https://wx4.sinaimg.cn/orj480/ee3b7d6cly8fdpy29sfxyj20ct0ctdfu.jpg,机器之心，专业的人工智能媒体和产业服务平台。,,346,6.3万,14289,1773674996775
7375146638,深圳卫视科创最前沿,男,https://wx1.sinaimg.cn/orj480/00837my2ly8hu2915wuwqj30go0goab8.jpg,每晚21：20深圳卫视《科创最前沿》全平台、大屏幕准时播出,,51,107.7万,4177,1773679100900
5225635912,Lorkhan_,女,https://wx1.sinaimg.cn/orj480/005HEeCcly8i597uw088bj30u00u0dgw.jpg,Put me down where the greenery stings,,45,24,728,1773682016761
7880893146,编辑苗子,女,https://wx1.sinaimg.cn/orj480/008BlqjMly8i63xhtf6njj30u00u0whm.jpg,英语专业二本子女编辑一枚。普通宁记录普通的工作生活。,,5113,3.3万,1712,1773682179905
6105753431,量子位,男,https://ww3.sinaimg.cn/orj480/006Fd7o3jw8fbw134ijknj305k05k3ye.jpg,关注人工智能&amp;前沿科技,,287,45.3万,25897,1773684361312
1798528990,C号地雷,女,https://wx4.sinaimg.cn/orj480/6b335fdely8ha9dlxgwsjj20u00u07bd.jpg,"Give yourself a path to believe, then you will see reality conform.",,165,437,729,1773687640841
5646147583,掌门人xyz,男,https://wx4.sinaimg.cn/orj480/006a6EUvly8g0lehb8wa0j30fn0gwq6t.jpg,失败人士,,93,885,607,1773688022940
1027417317,李自然说,男,https://wx2.sinaimg.cn/orj480/3d3d24e5ly8i6mblcvnb1j20go0gomzr.jpg,EffieCEO，前进四CEO，连锁餐饮投资人； 油管B站【李自然说】主理人； 关注AIGC、互联网出海、新消费、新媒体…,,48,5.5万,341,1773688507901
5040113420,我是個洋芋洋芋洋芋,男,https://wx2.sinaimg.cn/orj480/005v5NJWly8fsf5hj3b10j30cg0io74r.jpg,我就是洋芋，真的就是洋芋 ~ 吃洋芋~长子弟~ 我的组织是『AN原创社』~,,437,551,3830,1773689436563
1904769205,知乎,男,https://wx1.sinaimg.cn/orj480/0024UdtXly8h0pbkdrdo4j60e70e7aa602.jpg,谢邀，人在中国，刚下飞机，知乎官方微博，就不匿了。,,1269,838万,57870,1773689895000
1356831232,CodingDonkey920520,男,https://wx2.sinaimg.cn/orj480/50df9a00ly8hbd8jkhc4cj20e80e8q4f.jpg,污水处理技术员,,471,68,728,1773692987588
5242689177,JunyaoChen,女,https://wx3.sinaimg.cn/orj480/005INMWRly8fvbj8q45k8j30dc0dcmy8.jpg,,,728,26,4079,1773726315673
2571261791,零度飘移NB,男,https://ww1.sinaimg.cn/orj480/9942575fgw1e9cxaw4hfrj20lc0sg78t.jpg,,,440,110,11312,1773729783545
6347173065,世纪的贰次元,男,https://wx1.sinaimg.cn/orj480/006Vy5F7ly8i4t9rlwsmbj301w01wmwx.jpg,,,143,58,6251,1773738324392
6052259217,芒果柚子和青提,女,https://wx2.sinaimg.cn/orj480/006BAF69ly8hx42og625hj30b80b8mx5.jpg,我真的需要一只猫,,312,72,293,1773745180016
7930485107,Iris上上签,女,https://wx3.sinaimg.cn/orj480/008EHvs7ly8i61l51ddpjj30u00u0mz9.jpg,,,269,18,4605,1773745358570
7071325949,橘汁儿SageYY,男,https://wx1.sinaimg.cn/orj480/007IyyUlly8hkfn479derj30e80e8js7.jpg,清溪奔快，不管青山碍,,3975,214,29885,1773749663723
3860595207,epsilon_0,男,https://wx2.sinaimg.cn/orj480/e61c0207ly8hmt1mf1ml7j20iq0iqq4n.jpg,我接受生命如同接受一个伤口,,641,392,5571,1773750248069
1788469157,Tesz,女,https://ww4.sinaimg.cn/orj480/6a99dfa5jw1ee996o9nwdj20lk0m8aa7.jpg,我叫丁老头,,244,35,112954,1773750624688
1648544895,出版人周筠,女,https://wx1.sinaimg.cn/orj480/6242cc7fly8i8szvkyj5xj20rc0rcag8.jpg,将军赶路，不追野兔。,,7063,22.9万,187457,1773752089271
2662632781,三途随记,男,https://ww2.sinaimg.cn/orj480/9eb48d4djw8fbeh5p0fbaj2050050t8n.jpg,,,300,124,3335,1773761333988
5143363224,何似在人间喵,女,https://wx4.sinaimg.cn/orj480/005C51Jmly8i8415drkidj30e80e8my4.jpg,人生短暂 开心最重要,,2149,570,1841,1773761732019
3636978933,在原野上走出的山同学,男,https://wx2.sinaimg.cn/orj480/d8c7e4f5ly8h8vhzsh3zzj20sg0sgac6.jpg,何为自苦，使我心悲,,415,80,4510,1773763225754
2884729002,国自然陪跑健将,男,https://wx2.sinaimg.cn/orj480/abf178aaly8iay0it79yjj20bm0bmt8w.jpg,,,464,279,1564,1773763438068
1165692665,西海岸的风Econ,男,https://wx4.sinaimg.cn/orj480/457b0ef9ly1g0m6b5x7w4j208905cq3z.jpg,,,96,1.1万,988,1773763756016
1830516311,龙星镖局,男,https://ww4.sinaimg.cn/orj480/6d1b7657gw1egydt9et5qj20a405u74v.jpg,,,374,14万,19420,1773765999176
1912273717,程序员邹欣,男,https://ww4.sinaimg.cn/orj480/71fafb35jw1e8qgp5bmzyj2050050aa8.jpg,程序员,,1684,41.1万,132997,1773768164254
1169193955,北京牙医苏建宏,男,https://wx3.sinaimg.cn/orj480/45b07be3ly8hlj60s836uj20u00u0q88.jpg,一位专业私人牙医，一位父亲，北京启典口腔， 北大口腔修复硕士， 北医大本科，主美学瓷贴面、种植牙，私信，评论咨询不回复，问您主治医师,,3406,25.9万,51167,1773770567336
6327562379,散步的梦2025,女,https://wx3.sinaimg.cn/orj480/006UdO1Jly8hy49s7jpo6j30k00k0gn2.jpg,🇨🇳马甲线雕塑中～ 目前战绩：间歇跑配速4.8～ 腰围1尺9 🇨🇳 www.12339.gov.cn 生命科学圈。业余爱好：国家旅游局注册英文导游&amp;民族舞,,1173,266,6278,1773772707929
7629829666,幂律长尾_再生,男,https://wx2.sinaimg.cn/orj480/008klZeOly8gwn6f3bg7nj30ro0rotb1.jpg,,,526,81,28381,1773773872587
5393103230,space6699,女,https://wx1.sinaimg.cn/orj480/005SYUvYly8fkhrifqljhj30v90u2q5o.jpg,松弛 快乐 尽享人生,,880,68,10052,1773775620701
1860293712,船新小白,女,https://wx3.sinaimg.cn/orj480/6ee1d450ly8iazwada7rjj20u00u0jta.jpg,曾许人间第一流,,1404,219,26270,1773776421914
3238143192,鼻科医生王先忠,男,https://wx4.sinaimg.cn/orj480/c10224d8ly8i26qp4gsdoj20e80e83yu.jpg,擅长慢性鼻鼻窦炎、鼻息肉、腺样体肥大、内翻性乳头状瘤、鼻源性头痛、鼻科疑难杂症诊治。更多信息，请浏览我的个人网页：http://xzhwang.haodf.com,,595,5.8万,99068,1773778299847
1668589577,隔壁国际法,男,https://wx4.sinaimg.cn/orj480/6374a809ly8gz4qmpmra8j20go0gomy0.jpg,学习中的法律人,,671,437,9528,1773782412911
1350565915,YourFrien-D,男,https://wx3.sinaimg.cn/orj480/5080001bly8hobkhhlqlnj20kz0kzq4s.jpg,个人学术主页 https://idengyf.github.io/,,441,2.2万,4421,1773787775738
1727449613,Phynics,男,https://wx1.sinaimg.cn/orj480/66f6ca0dly8i8ujhaet8ij20u00u042q.jpg,我已为了你  去看了远山,,479,5887,10631,1773788930850
5048871040,哀得罗尼,男,https://wx3.sinaimg.cn/orj480/005vGxZSly8i3n0bnv08nj30u00u0gog.jpg,何事惊慌,,609,174,744,1773791671127
5983634631,爱折腾的coconuts,男,https://wx1.sinaimg.cn/orj480/006wWIHZly8h1cydo573hj30cd0cd74w.jpg,我只愿在万人如海中安心的过下去，那里处处有让人震动和狂喜的东西。,,253,302,6218,1773791864243
7337714168,ClarkXL,男,https://wx2.sinaimg.cn/orj480/0080AiEwly8gc5kt1kirlj30e80e877f.jpg,熊猫@amethystclark 分猫，身为熊猫，心有猛虎。小小小号是@许褚许仲康,,893,534,8506,1773794313295
7778686786,Tyreal龟龟QIAN,男,https://wx1.sinaimg.cn/orj480/008uqzM6ly8h6h11st9x4j30go0goq3y.jpg,,,717,105,7550,1773801604600
7603962553,hell_is_other_people,男,https://wx1.sinaimg.cn/orj480/008iBs1jly8h11y1eb9ayj30e80e8754.jpg,,,241,1016,1832,1773802304326
1846972357,-遠觀近看大概都是五衫本衫-,男,https://ww1.sinaimg.cn/orj480/6e168fc5jw8f6kk68fem3j20ht0htdga.jpg,533 vsziii,,265,127,180,1773803912307
7793479333,123木头人被占用了,男,https://wx3.sinaimg.cn/orj480/008vqDZzly8h6qx11e5ccj30j60ht3z0.jpg,哈哈哈哈哈哈哈哈达人，不是好人，是人,,1205,276,47636,1773804179926
5644371960,阁楼上的阿吉,男,https://wx3.sinaimg.cn/orj480/0069ZcZqly8fxpdgqjugij30ij0ij74z.jpg,,,188,33,2769,1773810708003
1307254057,努力奋斗的圆圆脸,女,https://wx1.sinaimg.cn/orj480/4deb1d29ly8hyjtd11coyj20e80e80sw.jpg,"可我生来就倔强|是热烈的骄阳 📖☕️🎹🐱  ”If you are willing to take the chance, the view from the other side is spectacular. —GA”.",,2442,1899,5460,1773813288146
7733872683,阿里斯底波-Aristippus,女,https://wx2.sinaimg.cn/orj480/008roxzZly8gy0u70t9lgj30rs0rsq59.jpg,哈利卡纳苏斯的 Historia,,802,9813,130543,1773814214259
6462784518,BRY的鸟鸣,女,https://wx3.sinaimg.cn/orj480/0073nbtYly8i3dm5hubngj30ij0ij75r.jpg,fuck，邓多多的臀肉,,114,267,14885,1773830096071
3290073825,加文_Guo,男,https://wx4.sinaimg.cn/orj480/c41a8ae1ly8fkazm0syhuj20ro0roq45.jpg,天马行空，自由自在～,,361,150,2127,1773831714824
6470348556,北美学术八卦博主,女,https://wx2.sinaimg.cn/orj480/0073SVeAly8fpakp8fk36j303o03o744.jpg,学术八卦集中营,,401,1.3万,3446,1773832279141
7037879187,北美三本小仙女一枚,女,https://wx3.sinaimg.cn/orj480/007GidSrly8gljgf4en7cj30ro0ro476.jpg,归来仍是少女,,405,2025,1811,1773835191978
1961439875,BregmanDivergence,男,https://wx1.sinaimg.cn/orj480/74e93283ly8hlpij3z71oj20u00u0jzx.jpg,,,517,77,651,1773836066103
7889671371,微微诺_,女,https://wx4.sinaimg.cn/orj480/008BWfW3ly8hm9t343uw2j30e80e83z7.jpg,,,110,5,381,1773836655010
7888868912,卧猫岗的猫,女,https://wx1.sinaimg.cn/orj480/008BSTbaly8ianevt921lj30u00u0jy1.jpg,Keep carrying the lantern. The paths it lights tend to lead exactly where people who chase spotlights eventually wish they’d gone.,,170,2.3万,2173,1773836906972
1704302703,_22du,男,https://wx1.sinaimg.cn/orj480/6595986fly8ho4s8w4sedj20go0go761.jpg,attention is all I need,,142,53,5397,1773839567168
1450305785,驭风的胖子,男,https://ww2.sinaimg.cn/orj480/5671e8f9jw1e8qgp5bmzyj2050050aa8.jpg,胖子的私有数据库 关注→ CST × Psychology × Art,,1116,1364,108679,1773839745665
3164138154,AI万物与边界,男,https://wx1.sinaimg.cn/orj480/bc98eaaaly8hyrtvgztzaj208c08cwf0.jpg,《5G时代如何把握5G这个超级风口》《人类AI复合体经济》作者原创设计发明下一代互联网3.0三大核心：AI代理，超级AI复合体，货币信息论。,,2325,1万,107603,1773842539170
7909556718,Laika的新窝,男,https://wx1.sinaimg.cn/orj480/008DhH1sly8huidtomrtwj30dh0dhq3b.jpg,shifter v outsider 光之战士,,78,6,2949,1773864758703
1871902324,uhawirefoi,男,https://wx4.sinaimg.cn/orj480/6f92f674ly8g34iip3kv3j20ow0ow40v.jpg,慢工出烂活,,594,384,1438,1773864959220
1113436521,BlueSea0914,男,https://wx4.sinaimg.cn/orj480/425db169ly8hyb721jxedj20u00u00xa.jpg,心向远方..CS、SPORT（Badminton，Tennis and Table Tennis）、Travel（Self-driving）、LOVE,,1203,458,12329,1773865145426
6718296161,滚滚猛豹,男,https://wx3.sinaimg.cn/orj480/007kFhJvly8hjk51rhj4zj30c70c7759.jpg,,,354,66,12813,1773869628559
6852943440,天天信迷信,女,https://wx1.sinaimg.cn/orj480/007tMfDOly8fx8w4zgq69j308709jjsi.jpg,,,1605,37,379,1773872286391
2209059857,my686,男,https://ww1.sinaimg.cn/orj480/83ab9411jw1e8qgp5bmzyj2050050aa8.jpg,,,2724,4.7万,340808,1773879424878
1010512984,万策尽矣,女,https://ww1.sinaimg.cn/orj480/3c3b3458jw8f19q9dwmrdj2050050q35.jpg,型月/轨迹/霹雳/山口山/明日方舟/苏丹的游戏/石头门/异度之刃3/博德之门3,,1329,3314,69189,1773894563237
7409053086,匪兕匪虎目含泪眼婆娑,男,https://wx2.sinaimg.cn/orj480/0085pDaely8gcnou537bhj30u00u041c.jpg,万水千山，red or blue？,,1286,277,4828,1773896901659
7903498158,极品眠公子,女,https://wx1.sinaimg.cn/orj480/008CSgUKly8ibc3pi4p1tj30u00u0q47.jpg,镇魂♡/我号很烂不要手抖关注又秒取/不用因为评论关注我/不回pm不回fo/访客已关,,724,32,925,1773898003789
6467804719,西瓜鱼鱼玉米青菜,男,https://wx3.sinaimg.cn/orj480/0073IfsXly8hs9ho4qvloj30u00u0aby.jpg,うさぎは最高です!!,,784,63,614,1773898916077
6990903687,Dreamer_CYH,男,https://wx1.sinaimg.cn/orj480/007D77p5ly8ge4uyn7gn0j30ry0ryq9d.jpg,,,1285,55,44754,1773899050011
3723218991,咸鱼西饭,男,https://ww1.sinaimg.cn/orj480/ddebd02fjw1ejy4ild9m4j205l05idg5.jpg,,,61,1,21307,1773908590229
7737769880,重生之我爱我家,女,https://wx4.sinaimg.cn/orj480/008rETq0ly8hwf07cspdsj30u00u0443.jpg,劣精滞销，救救我们,,2738,590,94475,1773927479683
5404633672,朱黎俊的粉丝,男,https://wx1.sinaimg.cn/orj480/005TLi6Qly8h8npwoxvxkj308s08sgm3.jpg,富强、民主、文明、和谐、自由、平等、公正、法治、爱国、敬业、诚信、友善,,394,39,2966,1773932392191
2707301552,御田知桥,男,https://wx1.sinaimg.cn/orj480/a15e24b0ly8h8edj2bhm9j20u00u0dhs.jpg,一起回到十八岁,,500,461,16898,1773934736876
5316461624,BobTuanDB,男,https://wx3.sinaimg.cn/orj480/005NNkx2ly8gpu3kwje1zj30e80e8wj0.jpg,,,909,214,10357,1773935067578
1796191232,这个名字好呢,男,https://ww2.sinaimg.cn/orj480/6b0fb400jw8eqjdylkd3oj206404g0sm.jpg,,,613,137,6304,1773941317030
7904907012,再无话说速速动手,女,https://wx2.sinaimg.cn/orj480/008CYbqcly8hrnn0c52laj30e80e8q3q.jpg,人类完蛋啦！,,100,8,478,1773948200936
1213545220,Looking-at-you,女,https://ww1.sinaimg.cn/orj480/48553b04jw8eqxsemk1lhj20u00u0whl.jpg,Every step towards your dream today is a step away from your regret tomorrow.,,1396,203,12591,1773948367405
1724889741,夜的咖啡,男,https://wx4.sinaimg.cn/orj480/66cfba8dly8iarny4ffekj20sg0sgjsn.jpg,不知名博主 爱玩各种逗比游戏,,855,15.1万,23176,1773953320222
1240212845,Maeiee,男,https://ww3.sinaimg.cn/orj480/49ec256djw8eumfjtsc6rj20u00u0jug.jpg,Android 工程师 | 西二旗码农 | 乐于分享技术心得,,1073,22.6万,20880,1773955891524
7494836996,乌龟小雯2020,男,https://wx4.sinaimg.cn/orj480/008bdztGly8gi3ezae5izj30u00u0dj6.jpg,,,444,22,2972,1773958378620
1005724414,海棠树下蔷薇浓,男,https://wx1.sinaimg.cn/orj480/3bf222fely8gdmoa3ddbmj20u00u0q5m.jpg,各成宇宙，互为人间,,4789,583,40685,1773960676501
6047944543,三个二带对圈儿,男,https://wx2.sinaimg.cn/orj480/006BiyEDly8gr23n5f3c1j30u00u0js3.jpg,Everything you touch surely dies,,115,33,502,1773973198431
5338613080,Capsule_Pro,男,https://wx2.sinaimg.cn/orj480/005Pih8Aly8gxzpp1bw4oj30n00n0gmi.jpg,混日子博主,,934,268,4452,1773973327789
6189332814,古典吉他_BLUE,女,https://wx2.sinaimg.cn/orj480/006KROcCly8g1jo7dg3fkj30ro0ron3u.jpg,一张琴，一壶酒，一溪云,,477,190,8803,1773973608187
1665335994,丕子,男,https://ww1.sinaimg.cn/orj480/634302bajw1e8qgp5bmzyj2050050aa8.jpg,"What I cannot create, I do not understand.",,2729,12.3万,23485,1773973844035
1866123141,文軾,男,https://wx3.sinaimg.cn/orj480/6f3ac785ly8gbcpn57zhxj20sg0sgdgo.jpg,侵晓霜晨月，蟾宫伐桂声,,16,18,4179,1773976171361
6258809290,玉猫201705,女,https://wx4.sinaimg.cn/orj480/006PzkcWly8hngkswxgkfj3097097aae.jpg,我自横刀向天笑，去留肝胆两昆仑,,786,40,19568,1773976295289
7181375425,uua_2026,男,https://wx2.sinaimg.cn/orj480/007Q0jNTly8i3wa94frhrj30e80e8wet.jpg,People die.,,357,148,889,1773977509735
1215223035,曺子歌,男,https://wx2.sinaimg.cn/orj480/486ed4fbly8fnabve1i0yj21kw11l4qp.jpg,土鳖改变世界 世界即将土鳖,,393,112,1149,1773978247847
3786019297,槛牢中的满月,女,https://wx1.sinaimg.cn/orj480/e1aa11e1ly8i68hvky3e0j20go0gogm8.jpg,一个观众,,5079,67,55864,1773978531892
7689047351,Satomi_Toka,男,https://wx4.sinaimg.cn/orj480/008omssLly8hxmfxfnhwvj30e80e8wfk.jpg,原神+崩坏星穹铁道+魔法少女小圆+孤独摇滚+碧蓝档案+邦邦，爱美+PPP推，音宝rtc，无情的转发机器。,,1113,503,30278,1773984172774
5536829795,anlee1,男,https://wx1.sinaimg.cn/orj480/0062HYmnly8h58fgsqmvwj30u00u0wfu.jpg,,,7323,119,68637,1773987880336
6144534759,晚安GPT,女,https://wx4.sinaimg.cn/orj480/006HPQblly8getdwnsahaj30ru0ruwga.jpg,日拱一卒,,708,331,5629,1773992261878
2656491334,溪午不闻钟一,男,https://ww4.sinaimg.cn/orj480/9e56d746gw1eeajay3qf5g2050050dft.gif,,,4892,330,8835,1773992746603
6099997875,花光年AI,男,https://ww3.sinaimg.cn/orj480/006EOY6vjw8fbcoqsi9ppj30ro0rpn0v.jpg,,,1580,699,78564,1773993503575
1912934215,Travelerlife-Song,女,https://ww1.sinaimg.cn/orj480/72050f47jw1e8qgp5bmzyj2050050aa8.jpg,但行好事，莫问前程。,,3460,948,37693,1774022958686
8471855214,HiLL吃辣椒古酱,男,https://wx2.sinaimg.cn/orj480/009fl2y2ly8i8inynw6qqj30500500so.jpg,既然改變悟到環境就唯有改變自己,,177,6,12,1774024543801
8285308200,用户8285308200,女,https://wx3.sinaimg.cn/orj480/0092Ij9ely8i7alpdb7mzj3050050743.jpg,cgm初了解,,1045,1,11,1774024654340
4054436735,芋圆要全汾糖,女,https://wx3.sinaimg.cn/orj480/f1a9cb7fly8i8ikzot1bcj2050050wee.jpg,0911❤️,,148,1,7,1774024720192
4081584281,随便云云酝曰,女,https://wx3.sinaimg.cn/orj480/f3480899ly8i7oh2dnu70j2050050glg.jpg,👀,,47,1,11,1774024795220
2057256033,糖果味儿兔美,男,https://wx2.sinaimg.cn/orj480/7a9f3c61ly8ia8zbxgg3uj20u00u00v4.jpg,--,,255,133,1885,1774024854090
2951458223,哀兵2951458223,男,https://ww4.sinaimg.cn/orj480/afebadafjw8esqlvrekc7j20u00u0q85.jpg,,,3042,283,12745,1774024982808
2931610065,溪行的风,男,https://wx3.sinaimg.cn/orj480/aebcd1d1ly8i6mbu2nbumj20u00u0gny.jpg,诗词养心馆        印「敬藏」之心，养当下之我。        在这里，用一份恭敬，探寻唐诗宋词中藏着的生命智慧。        主理人：溪行的风,,638,2248,327870,1774029845066
5974492728,大收纳柜,女,https://wx1.sinaimg.cn/orj480/006wkmtWly8h9ltyueyl5j30mk0mk41h.jpg,摇滚可以陶冶情操～电音可以拿来扭腰～百年rps深情款款,,1352,2659,24080,1774039207818
1408018567,insomniaQ,男,https://wx3.sinaimg.cn/orj480/53eca887ly8gtw5di542mj20e80e8755.jpg,,,415,232,18879,1774040319538
1296826312,福叁的壹,女,https://wx4.sinaimg.cn/orj480/4d4bffc8ly8fuuynivuw6j20yi0yijuz.jpg,哦。,,111,120,4697,1774040954608
5710056317,-小汪同学在干嘛-,女,https://wx1.sinaimg.cn/orj480/006eqOuxly8hz1p7f3faij30tf0tfwgy.jpg,思想上要尖锐，情绪上要圆滑。,,252,99,1377,1774043141069
9060858773,星烘掀,男,https://wx3.sinaimg.cn/orj480/009Tcrhrly8i5l2rbsro8j30go0gomz6.jpg,人类这种动物不值钱,,26,22,336,1774043374486
7576177455,如梦似幻五十载,男,https://wx2.sinaimg.cn/orj480/008gIRQzly8hoaydmrfdej30md0mddhk.jpg,一度得生者，岂有不灭者乎？| 谁还不是来人间走个过场,,253,117,349,1774043494368
5845368028,明白_知道,男,https://wx4.sinaimg.cn/orj480/006nAzfuly8hwkbm5f1uij30m80m8tba.jpg,胡乱转发的单只傻狍子养育保护专家,,248,140,9520,1774043721824
7912396743,Tianyi_stfu_version,男,https://wx4.sinaimg.cn/orj480/008DtBQjly8hu0wjq3ooej30u00u076h.jpg,Inquisitive Young,,251,43,1312,1774049169256
2627528013,_ProjectG,女,https://wx1.sinaimg.cn/orj480/9c9ce54dly8i5nuym5wpxj20go0gomyj.jpg,知易行难,,1443,1907,10674,1774049529102
6537673609,Null00000000000000,女,https://wx2.sinaimg.cn/orj480/0078rpyxly8i5p85mtz18j30u00u0t8q.jpg,我的真命天女在哪里/防搜LGBTQ粉籍很杂性别女爱好女做女王大人你的甜心宝宝兔ꪔ͈̮ꪔ̤̫ꪔ̤̱ꪔ̤̥可爱笨笨狗૮ o̴̶̷᷄ ·̫ o̴̶̷̥᷅ ა,,2848,504,8574,1774050438404
6147938363,换个地方躲的阿狗,女,https://wx1.sinaimg.cn/orj480/006I47Cbly8h6zwwwhqqcj30g40g4q2x.jpg,换个地方躲,,313,164,32927,1774052893325
2304284334,明风,男,https://ww1.sinaimg.cn/orj480/895896aejw1e8qgp5bmzyj2050050aa8.jpg,阿里的明风，腾讯的Andy，丰巢前CTO  备号: @明风_Andy,,2522,7.6万,100056,1774058388630
7767844584,重生之我在夜之城组乐队,女,https://wx2.sinaimg.cn/orj480/008tH5dSly8i6s9o2eje3j30sy0syjsv.jpg,渊澄|🧠🌈♾️|🏳️‍⚧️🏳️‍🌈|日常碎碎念|前科研民工|从各种意义上来说都很贫穷，没什么智力脑力精力时间感情用来产出|专业小猫按摩,,768,44,6238,1774063685866
5367240037,葡萄不吐子,女,https://wx4.sinaimg.cn/orj480/005ReojHly8gr7que3lqjj30ij0ijdhu.jpg,葡萄的小号,,410,56,6560,1774064945972
1959036263,非正确上常界,女,https://wx4.sinaimg.cn/orj480/74c48567ly8gi1307atnpj20kv0kvtac.jpg,Raised by Internet. My opinion is meaningless. Be yourself. Do your best. Live your life.,,388,2066,49097,1774066438745
2210180750,EddieChy,男,https://wx2.sinaimg.cn/orj480/83bcae8ely8hn4p63tbs9j20e80e875s.jpg,著名不知名电竞媒体人 小🍠: EddieChy,,632,14.4万,14059,1774069508509
1148369915,CHF平常心,男,https://ww2.sinaimg.cn/orj480/4472bbfbjw1e8qgp5bmzyj2050050aa8.jpg,,,805,457,4896,1774071870595
